<?xml version="1.0" encoding="UTF-8"?>
<users>
	<user>
		<id>ssafy</id>
		<password>1234</password>
		<user-name>김싸피</user-name>
		<phone>010-7564-0626</phone>
		<email>ssunyujin@naver.com</email>
		<address>대전시 유성구 구암동</address>
	</user>
	<user>
		<id>sunyujin</id>
		<password>5678</password>
		<user-name>양유진</user-name>
		<phone>010-7564-0626</phone>
		<email>sssunyujin@gmail.com</email>
		<address>서울시 성북구 정릉동</address>
	</user>
</users>