<beans xmlns="http://www.springframework.org/schema/beans"
	xmlns:xsi="http://www.w3.org/2001/XMLSchema-instance"
	xmlns:context="http://www.springframework.org/schema/context"
	xmlns:mybatis-spring="http://mybatis.org/schema/mybatis-spring"
	xsi:schemaLocation="http://mybatis.org/schema/mybatis-spring http://mybatis.org/schema/mybatis-spring-1.2.xsd
		http://www.springframework.org/schema/beans https://www.springframework.org/schema/beans/spring-beans.xsd
		http://www.springframework.org/schema/context http://www.springframework.org/schema/context/spring-context-4.3.xsd">
	
		<bean class="org.springframework.jdbc.datasource.DriverManagerDataSource" id="ddd">
		<property name="driverClassName" value="com.mysql.cj.jdbc.Driver"/>
		<property name="url" value="jdbc:mysql://localhost:3306/hwsf03?serverTimezone=UTC&amp;useUniCode=yes&amp;characterEncoding=UTF-8"/>
		<property name="username" value="ssafy"></property>
		<property name="password" value="ssafy"></property>
		</bean>
	
	<!-- mybatis 설정 파일 대체. 설정파일 안만들어도 됨. 개편함 -->
	<bean class="org.mybatis.spring.SqlSessionFactoryBean" id="fff">
		<property name="dataSource" ref="ddd"/>
		<property name="typeAliasesPackage" value="com.ssafy.board.dto"/>
		<property name="mapperLocations" value="classpath:/**/Mapper/*.xml"/>
	</bean>
	
	<bean class="org.mybatis.spring.SqlSessionTemplate" id="template">
		<constructor-arg ref="fff"/>
	</bean>
	<context:component-scan base-package="com.ssafy.board.service"></context:component-scan>
	<context:component-scan base-package="com.ssafy.board.repository"></context:component-scan>
</beans>